title,company,location,link
Python Developer Intern,OXO Solutions,"Ruby, SC",https://www.indeed.com/viewjob?jk=84a541c104b5b24c
Mid-Level Python Developer,HEXACT,Remote,https://www.indeed.com/viewjob?jk=b38c72a0024ad418
"Analyst, Baseball Research & Development",Cleveland Indians - Baseball Operations,Ohio,https://www.indeed.com/viewjob?jk=83630efa18619adb
Java Python Developer,"Stage 4 Solutions, inc.",Remote,https://www.indeed.com/viewjob?jk=515bed068decc194
QA Manual Tester-Remote,Agama Solutions,California,https://www.indeed.com/viewjob?jk=d7e6b9db8d900528
Python Developer,Phrasee,Remote,https://www.indeed.com/viewjob?jk=085a511b377e3ecb
Data Center Technician,"Amazon Data Services, Inc.",Remote,https://www.indeed.com/viewjob?jk=c06f9aef4f1609fe
"Launch Internship, Summer 2021 - Location Flexible",Dropbox,California,https://www.indeed.com/viewjob?jk=c95324f57292851a
"FullStack (Python+JavaScript) Developer, Insurance Services",DataArt,Remote,https://www.indeed.com/viewjob?jk=f85bbaf152c53c78
Python Developer,PerchHQ,Remote,https://www.indeed.com/viewjob?jk=38181a8ebe650bbc
Junior Python Developer,GTS,"New York, NY",https://www.indeed.com/viewjob?jk=f8f068da6dd93fa6
Python Programmer Analyst,Lipscomb University,"Nashville, TN",https://www.indeed.com/viewjob?jk=eee32cc0b68d15ea
Python Developer,InfoQuest Consulting Group Inc.,Remote,https://www.indeed.com/viewjob?jk=35e33ea7f331f341
Python Developer Trainee,Cndro,"Houston, TX",https://www.indeed.com/viewjob?jk=0cf2026f52be6bc9
Developer - Python Django,Energy Sense Finance,"Tampa, FL",https://www.indeed.com/viewjob?jk=213f60ab30d8eece
Cloud Infrastructure Engineer (Python + Terraform),Built Technologies,"Nashville, TN",https://www.indeed.com/viewjob?jk=97a00250bc7d1c91
Python Full Stack Developer w/ AWS,Intone Networks,"Roseland, CA",https://www.indeed.com/viewjob?jk=0b8ff090fdc1fdb2
Python Developer,Callsign Media,"Las Vegas, NV",https://www.indeed.com/viewjob?jk=345e22ca6e583be5
python-developer,Primafelicitas,"San Francisco, CA",https://www.indeed.com/viewjob?jk=7363bacb02a91ef9
Python Developer,Highbrow Technologies,"Bellevue, WA",https://www.indeed.com/viewjob?jk=70912d7ae92ee088
Early career data scientist / analyst / statistical geneticist,Data Tecnica,"Glen Echo, MD",https://www.indeed.com/viewjob?jk=b6506065408f4f15
Python Engineer,CLARIKA,Remote,https://www.indeed.com/viewjob?jk=0e08e1e323874e40
PYTHON DEVELOPER,Pythonwise,"Seattle, WA",https://www.indeed.com/viewjob?jk=1a20a1c56fb7df73
Data Science Intern,Sikka Software,"Santa Clara, CA",https://www.indeed.com/viewjob?jk=7e62ad8c421960f3
Python Developer,Crunch.io,United States,https://www.indeed.com/viewjob?jk=b616c7551b5d0f3c
Python Developer,Talen Energy,"The Woodlands, TX",https://www.indeed.com/viewjob?jk=5a9e656de13a15c7
Software Engineer Intern (Python),Vectorworks Inc.,"Columbia, MD",https://www.indeed.com/viewjob?jk=b2e60f03c3f7dd3b
"Software Engineer, Python - Cryptowatch",kraken,Remote,https://www.indeed.com/viewjob?jk=3d2c1aadb5531ac3
Software Developer (Python),"Yashco Systems, Inc.","Hilliard, OH",https://www.indeed.com/viewjob?jk=8f5037f31fe9b760
Backend Python Developer,NCLab,Remote,https://www.indeed.com/viewjob?jk=45d2f0dfebd24aed
Content Creator,LeetCode,Remote,https://www.indeed.com/viewjob?jk=e94af63cb41ad9b5
Jr. Data Scientist,Vacasa,"Boise, ID",https://www.indeed.com/viewjob?jk=a60184bccf717e63
Python developer,VAUXOO,"Colima, GA",https://www.indeed.com/viewjob?jk=f7669fcbd77ecd11
Biostatistician,Transamerica,"Belews Creek, NC",https://www.indeed.com/viewjob?jk=7e6adaaf14c440ba
ETL Developer (SAS/Python),IT Data Solutions,Remote,https://www.indeed.com/viewjob?jk=1abc52d8890c72ea
Bioinformatician,Ashion Analytics LLC,Remote,https://www.indeed.com/viewjob?jk=994c0644377f8be1
BASICS Consultant - Python Development,Internews,Remote,https://www.indeed.com/viewjob?jk=edb59cd10b664b7c
Python Developers,Kynite,"Fargo, ND",https://www.indeed.com/viewjob?jk=224481bea6e336bf
Entry Level Business Analyst (2+Years Exp),Agama Solutions,Arizona,https://www.indeed.com/viewjob?jk=e6e644c9c83e253c
"MACHINE LEARNING ENGINEER - PYTHON, TENSORFLOW",InspiHER Tech,United States,https://www.indeed.com/viewjob?jk=a754b1fae51c41d2
Arabic NLU Consultant,Cerence,Remote,https://www.indeed.com/viewjob?jk=1d41f25a5b36d950
Senior Level Python Developer,Naka Technologies,"New York, NY",https://www.indeed.com/viewjob?jk=bfa41cad10426505
Summer Intern - Project 2 - Environmental Health and School Achievement for California’s Children,Public Policy Institute of California,"San Francisco, CA",https://www.indeed.com/viewjob?jk=b3a45ed0baf7655d
Software Engineer (Entry-Level),Raptor Maps,"Somerville, MA",https://www.indeed.com/viewjob?jk=4895c5581d575885
Senior Python Developer,Ebury Partners,Remote,https://www.indeed.com/viewjob?jk=249fd45368894066
Data Analyst,Beekeeper Marketing,"San Francisco, CA",https://www.indeed.com/viewjob?jk=aaa6dc813c3be401
QA Manual Tester,Agama Solutions,"Dallas, TX",https://www.indeed.com/viewjob?jk=687036ffe9aa0419
Python Developer,Spire Digital,"Denver, CO",https://www.indeed.com/viewjob?jk=6f1c7fcc5a94a198
Specialist,Microsoft,United States,https://www.indeed.com/viewjob?jk=e1580b36f02b7573
Office of CTO Internship,Red Hat Software,"Boston, MA",https://www.indeed.com/viewjob?jk=87d745b0f4950692
Java / Python Tutors,"SAM Consulting Services, Inc.","New York, NY",https://www.indeed.com/viewjob?jk=6dd414e5bf2653aa
Python Developer,Cognizant Technology Solutions,"Hopkins, MN",https://www.indeed.com/viewjob?jk=0625bd8b64acc057
Python Developer,Piper Companies,"Windsor Mill, MD",https://www.indeed.com/viewjob?jk=c549c773f0471be0
Cyber Threat Analyst - Junior,ECS Federal LLC,"Fairfax, VA",https://www.indeed.com/viewjob?jk=37487f7efb7436fa
Python Developer,CMK Resources,"Bethesda, MD",https://www.indeed.com/viewjob?jk=927d18122441c8aa
Bioinformatician / biostatistician,Nemours,"Wilmington, DE",https://www.indeed.com/viewjob?jk=6ee82103452e929f
"Analyst, Baseball Operations",Detroit Tigers,"Detroit, MI",https://www.indeed.com/viewjob?jk=d70c21cd4719170a
Data Analyst,Hendrick Automotive Group,"Charlotte, NC",https://www.indeed.com/viewjob?jk=4d56cecad3651a18
"Python Developer | Richmond, VA (Remote until 2021)",iknowvate technologies,"Richmond, VA",https://www.indeed.com/viewjob?jk=5a9a0ac14d0aaba7
Data Scientist - Intermediate,Bayer,"St. Louis, MO",https://www.indeed.com/viewjob?jk=b4a4f47420acefd3
Data Analytics Intern,The New York Times,"New York, NY",https://www.indeed.com/viewjob?jk=bbfec3eab5e85a67
PYTHON SOFTWARE ENGINEER-DEEP LEARNING,InspiHER Tech,United States,https://www.indeed.com/viewjob?jk=3dd6c509667887e7
Assistant—Integrative Sports Performance,Milwaukee Brewers,"Phoenix, AZ",https://www.indeed.com/viewjob?jk=2af07f1883b45d89
Data Scientist,Apple,"Austin, TX",https://www.indeed.com/viewjob?jk=dc7a785f3c033095
Data Scientist,Mystery.org,Remote,https://www.indeed.com/viewjob?jk=0558bb7a3458addd
AI and Machine Learning Trainee,SureStart,Remote,https://www.indeed.com/viewjob?jk=9a962ab816577454
Python Developer,Haneke Design,"Tampa, FL",https://www.indeed.com/viewjob?jk=542b21736b6bca61
Data Analytics Intern,Pacific Life,"Newport Beach, CA",https://www.indeed.com/viewjob?jk=6bc5210cf140dc1a
Quantitative Trader - Entry Level,Avatar Securities,"Chicago, IL",https://www.indeed.com/viewjob?jk=d01efa8dad29efdc
PYTHON AUTOMATION TESTING,SpanIdea,"Milpitas, CA",https://www.indeed.com/viewjob?jk=06a12c53ed5463db
Data Science Intern,KORNFERRY,Remote,https://www.indeed.com/viewjob?jk=aa1812b0b6dddc9b
Python/Django Developer,Santex Group,United States,https://www.indeed.com/viewjob?jk=e5a6b63a5fade688
Python-Developers,Celandyne Software Solutions,"Santa Clara, CA",https://www.indeed.com/viewjob?jk=e004e922fdd74fe6
Data Analyst - Python/SQL,Gainwell Technologies,"Williston, VT",https://www.indeed.com/viewjob?jk=3aae4af40d0f7148
Database Engineer,Business Information Systems,"Piney Flats, TN",https://www.indeed.com/viewjob?jk=95fb944f3ffb9017
"Entry-Level Data Positions (Data Engineer, Machine Learning & Visualization)",Citi,"Jacksonville, FL",https://www.indeed.com/viewjob?jk=d2e8a5eaac52a039
Perl / Python Developer,Intellisys Technology,"Chicago, IL",https://www.indeed.com/viewjob?jk=ac92176c1deaf527
Software Engineer - Interest Recommendations & Explore Tab (All levels),Twitter,"Atlanta, GA",https://www.indeed.com/viewjob?jk=f503a9fb09ba8743
Data Analyst,Bayer,"San Francisco, CA",https://www.indeed.com/viewjob?jk=a5ab903944ee4a25
Junior Software Engineer,Two Barrels,"Spokane, WA",https://www.indeed.com/viewjob?jk=33b7f295f98000b6
Penetration Testing Trainee (Remote USA),BreachLock,"Florida, NY",https://www.indeed.com/viewjob?jk=487b30db63184515
Senior Django/Python Developer,Small Planet,"Brooklyn, NY",https://www.indeed.com/viewjob?jk=ec36299f56189c31
Python Developers,Synechron,"Delaware, NJ",https://www.indeed.com/viewjob?jk=b5eda0518f48ff4e
Database Administrator (Remote),Pecan Street Inc.,Remote,https://www.indeed.com/viewjob?jk=55e45c78451fdd4f
PYTHON DEVELOPER – DJANGO/FLASK,SpanIdea,"Milpitas, CA",https://www.indeed.com/viewjob?jk=fc324a2ebed84b82
Python Developer,Appriss,"Poland, ME",https://www.indeed.com/viewjob?jk=ed28f1a8069e7eb3
Senior Python Developer,OMBU,"Portland, OR",https://www.indeed.com/viewjob?jk=d13b06d1113de40c
2021 Business Analyst Full Time positions,Amazon.com Services LLC,"Seattle, WA",https://www.indeed.com/viewjob?jk=310aa98fd3be5f16
Federal - Entry Level Java Developer Associate,Accenture,"St. Louis, MO",https://www.indeed.com/viewjob?jk=7cbb0ffc282159df
Rider Care Demand Planner,Specialized Bicycle Components,Remote,https://www.indeed.com/viewjob?jk=2795879aa2fc3653
Support Opportunities,RStudio,"Seattle, WA",https://www.indeed.com/viewjob?jk=2c26339484d5141f
Climate Corps AmeriCorps Fellow at The Energy Coalition (SoCalREN) - AmeriCorps - January 18 start at The Energy Coalition,Strategic Energy Innovations,United States,https://www.indeed.com/viewjob?jk=9d5d284c0a458a5e
Developer - Python (Full Stack),Logic20/20,"Seattle, WA",https://www.indeed.com/viewjob?jk=967ebfd6a3c5cc9e
Data Scientist,Amazon.com Services LLC,United States,https://www.indeed.com/viewjob?jk=07c62952b7f4db19
Junior Data Scientist,World Bank Group,"Washington, DC",https://www.indeed.com/viewjob?jk=03f0a49a2928aab4
Python/SQL Developer,IDM People,"Township of Hamilton, NJ",https://www.indeed.com/viewjob?jk=967a405ee33c49d4
Python Developer,Sara Technologies,"San Diego, CA",https://www.indeed.com/viewjob?jk=07cc59a85ae4d228
Python Developer,Tech Pundits,"Philadelphia, PA",https://www.indeed.com/viewjob?jk=7a93e09be795ac6b
Python Infrastructure Developer-NAS/File Storage,"JPMorgan Chase Bank, N.A.","Lewisville, TX",https://www.indeed.com/viewjob?jk=fc913cc828ceae2c
Entry Level Mechanical Engineer,"Stress Engineering Services, Inc.","Cincinnati, OH",https://www.indeed.com/viewjob?jk=48027d074fd27822
Python Software Engineer,bloomon,"Amsterdam, Netherlands",https://stackoverflow.com/jobs/471608/286140
"Remote Senior Software Engineer, Python",Verys,"Santa Ana, CA",https://stackoverflow.com/jobs/471608/469797
Senior Backend Engineer (Python/Django),NewtonX,"New York, NY",https://stackoverflow.com/jobs/471608/470973
Backend Engineer (Python),Zattoo,"Berlin, Germany",https://stackoverflow.com/jobs/471608/472439
Backend Software Engineer (Python),Axomic Inc,"New York, NY",https://stackoverflow.com/jobs/471608/468959
Senior Software Engineer (Python),HealthJoy,"Kyiv, Ukraine",https://stackoverflow.com/jobs/471608/457700
Senior Python Software Engineer - Search,Cookpad Limited,"Bristol, UK",https://stackoverflow.com/jobs/471608/472388
Senior Software Engineer - Python,YouGov,"Warsaw, Poland",https://stackoverflow.com/jobs/471608/422635
Software Developer (Python),Nexthink,"Prilly, Switzerland",https://stackoverflow.com/jobs/471608/471159
Mid-level Python and Django software developer,Eligible.ai,"London, UK",https://stackoverflow.com/jobs/471608/447951
Python Web Developer,RavenPack International SL.,"Marbella, Spain",https://stackoverflow.com/jobs/471608/470988
"Senior BackEnd Software Engineer - Python, AWS",Handiscover AB                          via  netObjectives,No office location,https://stackoverflow.com/jobs/471608/468497
"Fullstack Software Engineer (JavaScript, Python)",F-Secure,"Poznań, Poland",https://stackoverflow.com/jobs/471608/470808
Python Software Developer,"Old Mission Capital, LLC","Chicago, IL",https://stackoverflow.com/jobs/471608/237203
Experienced Full-Stack Engineer (Python/Django),CareSolace Inc.,"Encinitas, CA",https://stackoverflow.com/jobs/471608/452576
Senior Backend Engineer (Python/Django),Financial Technology Partners,"San Francisco, CA",https://stackoverflow.com/jobs/471608/446918
Senior Python Back End Engineer (Remote),Loadsmart,No office location,https://stackoverflow.com/jobs/471608/430974
Backend Developer – Python/Django,5 Monkeys Agency AB,"Göteborg, Sweden",https://stackoverflow.com/jobs/471608/443603
Python Software Engineer - Glasgow - Associate,"JPMorgan Chase Bank, N.A.","Glasgow, UK",https://stackoverflow.com/jobs/471608/467667
Senior Backend Software Engineer - Python,Advertima,"Berlin, Germany",https://stackoverflow.com/jobs/471608/465088
Senior Software Developer Python (m/f/d),Ströer Online Marketing,"Hamburg, Deutschland",https://stackoverflow.com/jobs/471608/462625
Software Engineering- Python Developer,"JPMorgan Chase Bank, N.A.","Bengaluru, India",https://stackoverflow.com/jobs/471608/469811
Mid-Level Backend Software Engineer (Python / Django),"Tivix, Inc.","Wrocław, Poland",https://stackoverflow.com/jobs/471608/420639
Python Full Stack Developer,Draft2Digital,"Oklahoma City, OK",https://stackoverflow.com/jobs/471608/313165
Python Developer,YouGov,No office location,https://stackoverflow.com/jobs/471608/463034
Python Developer - REMOTE,Pentalog,No office location,https://stackoverflow.com/jobs/471608/470995
Senior Software Engineer Backend Python (m/f/d),BASF,"Köln, Deutschland",https://stackoverflow.com/jobs/471608/466263
Senior Python Engineer,Bulb Energy,"London, UK",https://stackoverflow.com/jobs/471608/396265
senior python developer,Hays                          via  Hays PLC,"London, UK",https://stackoverflow.com/jobs/471608/387197
Python Software Engineer,Captivation Software,"Fort Meade, MD",https://stackoverflow.com/jobs/471608/449506
Senior Python Developer,scoutbee GmbH,"Berlin, Germany",https://stackoverflow.com/jobs/471608/432930
Octopus Energy is still hiring for Python/Django Engineers!,Octopus Energy,"Melbourne, Australia",https://stackoverflow.com/jobs/471608/468929
Senior Backend Engineer - Python,APNATIME TECH PRIVATE LIMITED,No office location,https://stackoverflow.com/jobs/471608/411044
Python/AngularJS Developer,"JPMorgan Chase Bank, N.A.","Plano, TX",https://stackoverflow.com/jobs/471608/472413
Backend Developer – Python/Django,5 Monkeys Agency AB,"Stockholm, Sweden",https://stackoverflow.com/jobs/471608/443604
Python Full Stack Developer,Draft2Digital,"Oklahoma City, OK",https://stackoverflow.com/jobs/471608/313165
Senior Python Developer,YouGov,"Bengaluru, India",https://stackoverflow.com/jobs/471608/400054
Senior Full-stack web developer - Python,CBOE Global Markets                          via  Hays PLC,"London, UK",https://stackoverflow.com/jobs/471608/355023
Software Engineer Data Science (SQL & Python),SAP,"Bengaluru, India",https://stackoverflow.com/jobs/471608/448509
Senior Python Engineer (Remote),X-Team,No office location,https://stackoverflow.com/jobs/471608/445852
Python Software Engineer (40h/wk),Channable,"Utrecht, Netherlands",https://stackoverflow.com/jobs/471608/265091
Rust / Python Developer,YouGov,No office location,https://stackoverflow.com/jobs/471608/469780
Python Developer - REMOTE,Pentalog,No office location,https://stackoverflow.com/jobs/471608/470999
Python/Django Software Developer (m/f/d),ClimatePartner,"München, Deutschland",https://stackoverflow.com/jobs/471608/361172
Senior Python Engineer,Tivix,"Wrocław, Poland",https://stackoverflow.com/jobs/471608/420641
Python Software Engineer (40h/wk),Channable,"Utrecht, Netherlands",https://stackoverflow.com/jobs/471608/458136
Lead Software Engineer - Python - ASOS AI,ASOS,"London, UK",https://stackoverflow.com/jobs/471608/455785
Python developer for VoIP service provider,TelSmart,"Zagreb, Croatia",https://stackoverflow.com/jobs/471608/435753
Senior Python Backend Developer (m/f/x),Innoactive GmbH,"München, Germany",https://stackoverflow.com/jobs/471608/412785
Backend Engineer - Python (m/f/d),Laya Technologies,"München, Deutschland",https://stackoverflow.com/jobs/471608/333801
Python Full Stack Developer,"JPMorgan Chase Bank, N.A.","Hyderabad, India",https://stackoverflow.com/jobs/471608/468299
Backend Engineer - Python (m/f/d),Laya Technologies,"München, Deutschland",https://stackoverflow.com/jobs/471608/333801
(Senior) Python Developer Backend – Billing / Product,Lumenaza GmbH,"Berlin, Deutschland",https://stackoverflow.com/jobs/471608/359016
Python Developer (Software Security Solutions),Bromium UK Limited,"Cambridge, UK",https://stackoverflow.com/jobs/471608/468916
"Python Developer, Full-Time Job in Bucharest",SkillValue,"Bucharest, Romania",https://stackoverflow.com/jobs/471608/460151
Sr. Python Software Engineer,Global Reach Consulting LLC,"Reston, VA",https://stackoverflow.com/jobs/471608/417839
"Awesome Full-Stack Software Engineer - Java, Python, Spark(Fully Cleared)",Erias Ventures,"Annapolis Junction, MD",https://stackoverflow.com/jobs/471608/432032
Python / Django Engineer,Potato,"London, UK",https://stackoverflow.com/jobs/471608/463168
Senior Backend Software Engineer (Python),"Curative, Inc",No office location,https://stackoverflow.com/jobs/471608/408170
Independent & Self-motivated Senior Python Backend Developer,Seez,No office location,https://stackoverflow.com/jobs/471608/394457
Software Engineer- Python,"JPMorgan Chase Bank, N.A.","Glasgow, UK",https://stackoverflow.com/jobs/471608/472211
Lead Developer Backend / Softwarearchitekt (m/w/d) Python/Django,Bundesdruckerei GmbH,"Hamburg, Deutschland",https://stackoverflow.com/jobs/471608/468265
Python Developer / Data-Engineer (m/w/d) Textanalyse,Bundesdruckerei GmbH,"Hamburg, Deutschland",https://stackoverflow.com/jobs/471608/468266
Software Engineering - Python,"JPMorgan Chase Bank, N.A.","Bengaluru, India",https://stackoverflow.com/jobs/471608/472158
Software Engineering - Python,"JPMorgan Chase Bank, N.A.","Glasgow, UK",https://stackoverflow.com/jobs/471608/465296
Senior Full Stack Software Engineer – Python/JavaScript (m/f/d),CeleraOne GmbH,"Berlin, Deutschland",https://stackoverflow.com/jobs/471608/449456
Développeur·euse Python,leboncoin,"Paris, France",https://stackoverflow.com/jobs/471608/455192
Senior Python Developer (m/f/d),Fashion Cloud,"Amsterdam, Netherlands",https://stackoverflow.com/jobs/471608/467737
Backend Python Developer (m/f/x),Alasco,"München, Germany",https://stackoverflow.com/jobs/471608/388312
Software Entwickler (Python/C++),JC Development AG,"Glarus, Switzerland",https://stackoverflow.com/jobs/471608/453526
Python Software Engineer,"JPMorgan Chase Bank, N.A.","Houston, TX",https://stackoverflow.com/jobs/471608/468375
Software Engineering Lead - Python\\Angular,"JPMorgan Chase Bank, N.A.","Hyderabad, India",https://stackoverflow.com/jobs/471608/471764
Software Engineer - Java/Python,"JPMorgan Chase Bank, N.A.","Bengaluru, India",https://stackoverflow.com/jobs/471608/472164
Python / Java Software Engineer,"JPMorgan Chase Bank, N.A.","New York, NY",https://stackoverflow.com/jobs/471608/470860
Python Software Engineer,"JPMorgan Chase Bank, N.A.","Glasgow, UK",https://stackoverflow.com/jobs/471608/471682
Software Engineering - Python Developer,"JPMorgan Chase Bank, N.A.","Buenos Aires, Argentina",https://stackoverflow.com/jobs/471608/467670
Python Software Engineer,"JPMorgan Chase Bank, N.A.","Glasgow, UK",https://stackoverflow.com/jobs/471608/471682
"PYTHON DEVELOPER Location: Zürich, Zurich, Switzerland",FELFEL,"Zürich, Switzerland",https://stackoverflow.com/jobs/471608/465684
Lead Python Software Engineer,"JPMorgan Chase Bank, N.A.","Glasgow, UK",https://stackoverflow.com/jobs/471608/471639
"Senior Developer - ""Kubernetes, Go Lang, Python,  API""",SAP,"Bengaluru, India",https://stackoverflow.com/jobs/471608/454627
"Python Developer (Onsite in Paris, or Remote in France, UK, Germany)",PeopleDoc,No office location,https://stackoverflow.com/jobs/471608/471172
Software Engineering - Python + Spark,"JPMorgan Chase Bank, N.A.","Newark, DE",https://stackoverflow.com/jobs/471608/466166
"Python, C++ Software Engineer for Athena Trade & Risk","JPMorgan Chase Bank, N.A.","New York, NY",https://stackoverflow.com/jobs/471608/471290
Python Software Engineer,Trilliant Health,"Nashville, TN",https://stackoverflow.com/jobs/471608/456801
Python / Java Software Engineering Lead,"JPMorgan Chase Bank, N.A.","Jersey City, NJ",https://stackoverflow.com/jobs/471608/472255
Software Engineering - Python,"JPMorgan Chase Bank, N.A.","Mumbai, India",https://stackoverflow.com/jobs/471608/470169
Software Engineering - Python,"JPMorgan Chase Bank, N.A.","Glasgow, UK",https://stackoverflow.com/jobs/471608/471629
Python Developer (Backend),Energyworx,"Houten, Netherlands",https://stackoverflow.com/jobs/471608/165665
Software Engineering - Python,"JPMorgan Chase Bank, N.A.","Bengaluru, India",https://stackoverflow.com/jobs/471608/469075
Full-Stack Python Engineer,Gorgias,"Paris, France",https://stackoverflow.com/jobs/471608/333474
"Software Engineering - Oracle, Python","JPMorgan Chase Bank, N.A.","Mumbai, India",https://stackoverflow.com/jobs/471608/470828
Software Engineering - Python Developer,"JPMorgan Chase Bank, N.A.","Buenos Aires, Argentina",https://stackoverflow.com/jobs/471608/470419
Senior Software Engineer (Java or Python),"JPMorgan Chase Bank, N.A.","Glasgow, UK",https://stackoverflow.com/jobs/471608/471818
Python Software Developer,UBIMET GmbH,"Wien, Österreich",https://stackoverflow.com/jobs/471608/412367
Python Spark Software Engineer,"JPMorgan Chase Bank, N.A.","Newark, DE",https://stackoverflow.com/jobs/471608/465305
Software Engineering - Python Developer,"JPMorgan Chase Bank, N.A.","Buenos Aires, Argentina",https://stackoverflow.com/jobs/471608/464670
Java / Python Software Engineering Lead -VP,"JPMorgan Chase Bank, N.A.","Jersey City, NJ",https://stackoverflow.com/jobs/471608/472252
Python Developer suchen Kollegen (m/w/d),solute GmbH,"Karlsruhe, Deutschland",https://stackoverflow.com/jobs/471608/284443
Python Backend Developer / Data Engineer (m/f/d) for Geo Applications (Munich),GAF AG,"München, Deutschland",https://stackoverflow.com/jobs/471608/407481
Senior Software Engineer (C++/Python) - Collaboration Frameworks,Bloomberg LP,"London, UK",https://stackoverflow.com/jobs/471608/449476
